<?xml version="1.0" encoding="UTF-8"?>

<beans xmlns="http://www.springframework.org/schema/beans"
	xmlns:xsi="http://www.w3.org/2001/XMLSchema-instance"
	xmlns:context="http://www.springframework.org/schema/context"
	xmlns:p="http://www.springframework.org/schema/p"
	xmlns:tx="http://www.springframework.org/schema/tx"
	xmlns:mvc="http://www.springframework.org/schema/mvc"


	xsi:schemaLocation="http://www.springframework.org/schema/beans
    http://www.springframework.org/schema/beans/spring-beans.xsd
    http://www.springframework.org/schema/context
    http://www.springframework.org/schema/context/spring-context.xsd
     http://www.springframework.org/schema/tx
    http://www.springframework.org/schema/tx/spring-tx.xsd
       http://www.springframework.org/schema/mvc
    http://www.springframework.org/schema/mvc/spring-mvc.xsd
    ">

	<tx:annotation-driven />
	<context:component-scan base-package="com"></context:component-scan>

	<bean
		class="org.springframework.web.servlet.view.InternalResourceViewResolver"
		name="viewResolver">
		<property name="prefix" value="/WEB-INF/view/" />
		<property name="suffix" value=".jsp" />
	</bean>

	<!-- data source -->
	<bean
		class="org.springframework.jdbc.datasource.DriverManagerDataSource"
		name="ds">
		<property name="driverClassName"
			value="com.mysql.cj.jdbc.Driver" />
		<property name="url"
			value="jdbc:mysql://localhost:3306/crudoperation" />
		<property name="username" value="root" />
		<property name="password" value="310303" />

	</bean>

	<!-- hibernate session factory -->

	<bean
		class="org.springframework.orm.hibernate5.LocalSessionFactoryBean"
		id="factory">

		<!-- dataSource -->
		<property name="dataSource" ref="ds" />

		<!--hibernateproperty -->
		<property name="hibernateProperties">
			<props>
				<prop key="hibernate.dialect">org.hibernate.dialect.MySQL8Dialect</prop>
				<prop key="hibernate.show_sql">true</prop>
				<prop key="hibernate.hbm2ddl.auto">update</prop>
			</props>
		</property>

		<property name="packagesToScan" value="com.model" />
		<!-- package to scan -->

		<!-- <property name="annotatedClasses">
			<list>
				<value>com.model.Product</value>
			</list>
		</property> -->


	</bean>

	<!-- hibernate template -->
	<bean class="org.springframework.orm.hibernate5.HibernateTemplate"
		name="hibernateTemplate">
		<property name="sessionFactory" ref="factory"></property>
	</bean>
	<!-- hibernate transcation managger -->

	<bean
		class="org.springframework.orm.hibernate5.HibernateTransactionManager"
		name="transactionManager" id="transactionManager">
		<property name="sessionFactory" ref="factory"></property>
	</bean>
</beans>